No,Sourced Statements,Type of Source,Name of Source,Title of Source,Source Justification
1,,,,,
2,"""I fell in love,"" Williams said at this morning's press conference for the 2026 Met Gala and exhibition, ""Costume Art."" ""I fell in love with watching something come to life like that, and it gave me a deep appreciation for fashion at its core: how it's made, how it moves, how it makes you feel, and how it tells a story. And how, a lot of times, as we'll see, it makes history.""",Named Person,Venus Williams,Co-chair for the 2026 Met Gala,"Williams, who serves as a co-chair for the 2026 Met Gala, is no stranger to making history—for both her athletic prowess and her confident, expressive approach to dressing on and off the court. For that reason, she makes an ideal steward for this year's exhibition, which explores the way fashion and art have depicted the human body, and what that, then, says about the body's role in culture and society."
3,"""Fashion distinguished me from my fellow players because it was a contest,"" she said with a sly smile. ""About power, strength, will, skill, and being the best-dressed. And I tried to win it all. It also allowed me to connect with passionate fans across the world,"" she said. ""But most of all, it allowed me to connect to myself.""",Named Person,Venus Williams,Co-chair for the 2026 Met Gala,"Williams, who serves as a co-chair for the 2026 Met Gala, is no stranger to making history—for both her athletic prowess and her confident, expressive approach to dressing on and off the court. For that reason, she makes an ideal steward for this year's exhibition, which explores the way fashion and art have depicted the human body, and what that, then, says about the body's role in culture and society."
4,"From the homemade tennis skirt to full-fledged fashion icon, Williams has come to not just embrace the joys of getting dressed daily, but to understand its more profound effects.",Named Person,Venus Williams,Co-chair for the 2026 Met Gala,"Williams, who serves as a co-chair for the 2026 Met Gala, is no stranger to making history—for both her athletic prowess and her confident, expressive approach to dressing on and off the court. For that reason, she makes an ideal steward for this year's exhibition, which explores the way fashion and art have depicted the human body, and what that, then, says about the body's role in culture and society."
5,"""Something that I've admired about clothing and dress is that it has the power to do two things,"" she said. ""It reminds us of the characteristics and experiences that we all share, and, at the same time, it reveals something new about ourselves and about the world around us.""",Named Person,Venus Williams,Co-chair for the 2026 Met Gala,"Williams, who serves as a co-chair for the 2026 Met Gala, is no stranger to making history—for both her athletic prowess and her confident, expressive approach to dressing on and off the court. For that reason, she makes an ideal steward for this year's exhibition, which explores the way fashion and art have depicted the human body, and what that, then, says about the body's role in culture and society."
6,"""This is truly a significant moment for the institution's history,"" said Max Hollein, the museum's director and CEO. ""These new galleries—now at the heart of our two-million-square-foot building and this magnificent exhibition clearly make a statement: fashion is art. This is, of course, something that we've long believed and pursued here at The Met over our 156-year history with rigor and breadth like no other museum.""",Named Person,Max Hollein,Museum's director and CEO,
7,"""The history of art has always been, in no small measure, a history of the dressed body,"" said Bolton, nattily dressed in a Thom Browne suit. ""Across the museum's collection, spanning more than 5,000 years and cultures from around the world, one constant remains: the human figure. And more precisely the dressed body,"" he went on. ""It appears draped, wrapped, tailored, armored, incised, painted, and otherwise fashioned. Traces of lives once lived, bodies once present.""",Named Person,Andrew Bolton,Curator in charge of the Costume Institute,
8,"As Williams pointed out, Bolton stressed how clothing is an opportunity to shape not just one's body, but one's identity.",Named Person,Venus Williams,Co-chair for the 2026 Met Gala,"Williams, who serves as a co-chair for the 2026 Met Gala, is no stranger to making history—for both her athletic prowess and her confident, expressive approach to dressing on and off the court. For that reason, she makes an ideal steward for this year's exhibition, which explores the way fashion and art have depicted the human body, and what that, then, says about the body's role in culture and society."
9,"""Even in its absence, dress persists in ideals of beauty, in systems of meaning, in the ways bodies are imagined and understood. Clothing is never neutral. It mediates between the self and the world, expressing who we are, where we belong, and how we wish to be seen.""",Named Person,Andrew Bolton,Curator in charge of the Costume Institute,
10,,,,,
11,"""At once deeply personal and profoundly social, [fashion] is woven into the very fabric of the museum's collections. And 'Costume Art' begins with this premise. It implores us to see the dressed body not only as an object of representation, but as a subject of experience, a medium through which the history of art can be reimagined.""",Named Person,Andrew Bolton,Curator in charge of the Costume Institute,
12,"A spokesperson said the latest expansion covers approximately 60 square miles, bringing Waymo's total Bay Area service area to more than 330 square miles.",Named Organization,Waymo,,Driverless vehicles will soon be a more common sight in the West Valley as autonomous ride-sharing company Waymo expands into the region
13,"""As San Jose and other cities prepare to host global events like the FIFA World Cup, the expanded footprint will also help both residents and visitors move around the city safely and efficiently,"" spokesperson Sandy Karp told San José Spotlight.",Named Person,Sandy Karp,Spokesperson,
14,Campbell Mayor Dan Furtado said the city manager is setting up a meeting with a Waymo representative for a later date.,Named Person,Dan Furtado,Campbell Mayor,
15,"""All I know is Waymo is planning to come, I only know what I've read in the news,"" Furtado told San José Spotlight.",Named Person,Dan Furtado,Campbell Mayor,
16,"Elected leaders in the West Valley said they see potential benefits in the technology, including safer driving behavior and improved transportation access. But they have also raised questions about accountability, public transit competition and how residents will respond as driverless cars enter smaller cities.",Unnamed Group of People,,Elected Leaders in West Valley,
17,"After meeting with a Waymo representative, Los Gatos Mayor Rob Moore said he was surprised to learn local municipalities have no authority over autonomous vehicle operations.",Named Person,Rob Moore,Los Gatos Mayor,
18,Moore said Waymo previously told him Los Gatos could potentially see the company's autonomous vehicles operating within the next several months.,Named Person,Rob Moore,Los Gatos Mayor,
19,"""I think the safety value proposition is undeniable,"" Moore told San José Spotlight. ""The autonomous vehicles, statistically, already are much safer than human drivers.""",Named Person,Rob Moore,Los Gatos Mayor,
20,"At the same time, he said questions remain about liability and how communities would react if a serious collision involving a driverless vehicle happened in Los Gatos. ""I don't know how a community like Los Gatos would react to that,"" he said. ""I don't know how Waymo would respond in return. So I think there's a lot of uncertainty.""",Named Person,Rob Moore,Los Gatos Mayor,
21,"Cupertino Mayor Kitty Moore said city officials are also approaching Waymo cautiously as they wait to see how the technology performs on local streets. She said Waymo representatives told city officials the vehicles generally approach intersections slower than human drivers, particularly in situations where visibility may be blocked.",Named Person,Kitty Moore,Cupertino Mayor,
22,"""We'll need to observe and ensure that it's safe,"" she told San José Spotlight. ""(Waymo) has let us know that they're safer in their belief than a typical driver when they approach an intersection.""",Named Person,Kitty Moore,Cupertino Mayor,
23,"Kitty Moore said she is watching closely to see whether Waymo could eventually compete with services like SV Hopper, particularly among older adults seeking private rides.",Named Person,Kitty Moore,Cupertino Mayor,
24,"In Los Gatos, Rob Moore said he hopes autonomous vehicles could eventually complement rather than replace public transportation options. He pointed to the nearby light rail station in Campbell, which some residents struggle to access without a car. He said Waymo could potentially serve as a ""first mile, last mile"" option to help riders connect to public transit. ",Named Person,Rob Moore,Los Gatos Mayor,
25,"I'm really interested in the ways in which Waymo could, instead of hurting the public transportation system, instead be a value add, he said.",Named Person,Rob Moore,Los Gatos Mayor,
