Story,No,Sourced Statements,Type of Source,Name of Source,Title of Source,Source Justification
10-Nebraska-voting-rights,3,"Opponents maintained that a two-year waiting period is reasonable and served as a deterrent to committing crime in the first place.
",Unnamed Group of People,Republicans,,"For years, Wayne’s effort to restore voting rights for felons faced opposition from several Republicans in the officially nonpartisan Nebraska Legislature."
10-Nebraska-voting-rights,6,Several of them said they were confused by the arrests because they had been allowed to register to vote.,Unnamed Group of People,,,an election police unit championed by Republican Gov. Ron DeSantis arrested 20 former felons. 
11-Nebraska-felons-crim-justice,2,Several of them said they were confused by the arrests because they had been allowed to register to vote.,Unnamed Group of People,,,after a new election police unit championed by Republican Gov. Ron DeSantis arrested 20 former felons.
11-Nebraska-felons-crim-justice,15,"Three of the witnesses with criminal records who spoke in favor of the legislation said in later interviews the waiting period is not a deterrent to future crime, but rather a barrier for those who have served their sentences.
",Unnamed Group of People,,,Three of the witnesses with criminal records
14-many-police-calls,9,"Authorities believe social services could help with other behavioral issues, although they note the person faces no-trespass notices at 19 locations.
",Unnamed Group of People,Authorities,,
14-many-police-calls,16,"Those who spoke said providers and police had yet to find an answer to the no-trespass question, although all expressed hope they could figure out ways to collaborate.
",Unnamed Group of People,,,the latest selectboard meeting Tuesday night.
14-many-police-calls,22,"State consultants have urged authorities and agencies to expand their efforts regionally, noting that one of Brattleboro’s most cited individuals also appears on police call logs in Bennington and Springfield.
",Unnamed Group of People,State consuiltants,,
15-Newsom-declares-emergency,6,"Impacted residents, many of whom are older, have disabilities and bought their homes decades ago, have experienced a range of difficult emotions as they’ve been displaced in recent months and watched their community dramatically change due to the land movement.",Unnamed Group of People,,,
15-Newsom-declares-emergency,7,Some say they weren’t given sufficient warning about the power shutoffs and aren’t sure where to go.,Unnamed Group of People,Impacted residents,,"Impacted residents, many of whom are older, have disabilities and bought their homes decades ago, have experienced a range of difficult emotions as they’ve been displaced in recent months and watched their community dramatically change due to the land movement."
16-America's-Sleeping-Giant,11,"Speakers at the press conference referenced Congress’s decision to roll back the expansion of the Earned Income Child Tax Credit, which caused a major spike in childhood poverty and the Biden administration’s decision to let states “unwind” Medicaid when the White House declared the pandemic was over.",Unnamed Group of People,Speakers,,"As a consequence, several million people lost their subsidized coverage including over three million children. 
"
18-wyoming-primary-dems,1,"Her neighbors call her “the crazy Democrat,” although it’s more a term of endearment than derision.",Unnamed Group of People,Neighbors,,"In some far reaches of rural America, Democrats are flirting with extinction. In Niobrara County, Wyoming, the least-populated county in the least-populated state, Becky Blackburn is one of just 32 left."
2-Best-DDR-player,3,Multiple contemporaneous comments called him a “god”,Unnamed Group of People,,,
20-bill-easier-access,5,The program officials reported that the inability to secure clinical placements is one of the main reasons for not enrolling more students.,Unnamed Group of People,Program officials,,
22-Judge-rules-breona-taylor,3,"The decision to blame Taylor’s boyfriend for her death, and not the officers, is another stark reminder of the need for the George Floyd Justice in Policing Act, which includes ending qualified immunity, advocates said.",Unnamed Group of People,advocates,,
23-black-landowners-11mins,2,"The decision disappointed the landowners, who were not allowed to speak at the meeting but issued a statement vowing to continue fighting to keep their land by appealing in court.",Unnamed Group of People,Landowners,,
23-black-landowners-11mins,4,"The construction would also have an impact on other Black residents in the community, who believe it would affect their quality of life.",Unnamed Group of People,other Black residents,,
23-black-landowners-11mins,5,"But, some legal experts and landowners told Capital B that Black communities aren’t experiencing “just” and “fair” processes and say there needs to be more accountability to stop government abuse of eminent domain.",Unnamed Group of People,legal experts and landowners,,
23-black-landowners-11mins,9,Other residents told Capital B they feared potential damage to their homes from the train.,Unnamed Group of People,Other residents,,
24-what-happens-to-migrants,1,Fifty-two percent of 170 respondents said they need more information about what will happen to asylum,Unnamed Group of People,Spanish-speaking readers,,"As a newsroom that serves NYC immigrants, we asked our Spanish-speaking readers "
25-ballot-access-trans,2,Some trans voters have expressed confusion and fear of discrimination at the ballot box that could discourage them from participating in public life.,Unnamed Group of People,Trans Voters,,
25-ballot-access-trans,13,"Like with other laws targeting transgender people, including bans on transgender student-athletes from participating in women’s sports, politicians supporting these policies frame them as protecting cisgender women.",Unnamed Group of People,Politicians,,
25-ballot-access-trans,16,"The full impact of these laws amid new and evolving voter identification laws is not yet clear, in part because of how recent they are — and that, experts say, could mask their harm. ",Unnamed Group of People,Experts,,
27-general-assembly-landlords,13,"During the subcommittee hearing, Shelby County Commissioner Erika Sugarmon and City of Memphis Division of Public Works director Robert Knecht endorsed it and two landlord representatives spoke against it.",Unnamed Group of People,landlord representatives,,
28-scranton-ukrainian-weapons,1,"Now, officials at the plant told Morning Edition that the army is producing 36,000 shells a month, up from 24,000 just six months ago.",Unnamed Group of People,Officials,,"The U.S. Army was making 14,000 artillery shells a month prior to the conflict."
29-tim-scott-deregulate,3,"Housing wonks have long singled out HUD's requirement that manufactured homes sit on a permanent steel chassis, even once they're delivered, as a major headwind on manufactured home productions.",Unnamed Group of People,Housing Wonks,,"Manufactured housing, which is built off-site and shipped to its destination, is regulated by the U.S. Department of Housing and Urban Development."
29-tim-scott-deregulate,10,City staff warned that fewer projects would be feasible under the costs of the MHA's affordable housing mandates.,Unnamed Group of People,City staff,,
29-tim-scott-deregulate,16,"Landlords are blaming the situation on a mix of higher operating costs and the housing court delays caused by D.C.'s pandemic-era eviction policies, which have allowed tenants to stay for years in their units without paying rent.",Unnamed Group of People,Landlords,,
3-SF renewed-sweeps,20,"Instead, a small group of protesters regrouped at City Hall for a series of chants and short speeches, holding a symbolic police citation for Breed that accused her of violating human rights.",Unnamed Group of People,Protesters,,regrouped at City Hall for a series of chants and short speeches
30-la-lower-rent-hikes,16,Tenant advocates took a very different view of the report. They said it correctly identifies problems with L.A. rent control and validates their demands for stronger limits.,Unnamed Group of People,Tenant advocates,,Tenant advocates took a very different view of the report
30-la-lower-rent-hikes,18,Tenant advocates have called for a 3% ceiling on annual rent hikes and elimination of the 2% surcharge for landlords who provide gas and electricity. They point to other L.A.-area cities that currently limit rent increases to less than 3% with no add-ons for utilities.,Unnamed Group of People,Tenant advocates,,Tenant advocates took a very different view of the report
30-la-lower-rent-hikes,20,"When LAist first requested the report, officials told a reporter the study was not subject to disclosure under the California Public Records Act, saying there was an exemption for “deliberative process.”",Unnamed Group of People,housing officials,,The city’s housing officials have been in possession of the Economic Roundtable report since May.
30-la-lower-rent-hikes,30,But landlord advocates say some property owners have yet to fully recover from the pandemic. They now worry about the potential cost of proposals to remove gas stoves and install air conditioners.,Unnamed Group of People,Landlord advocates,,
30-la-lower-rent-hikes,34,"Some L.A. city council members have floated the idea of establishing different rent control rules for “mom and pop” landlords and larger, corporate landlords.",Unnamed Group of People,L.A. City Council members,,
33-human-border_patrol_towers,3,"Border advocates are urging the state and federal governments to spend more on humanitarian aid, but state officials say they can’t afford to while facing a budget deficit.
",Unnamed Group of People,Border Advocates,,
33-human-border_patrol_towers,4,"Privacy and human rights advocates also are asking for more transparency about the capabilities of the towers and are questioning why so much money is going toward monitoring migrants. 
",Unnamed Group of People,Privacy and human rights advocates,,Some of the towers can track movement miles away.  
33-human-border_patrol_towers,9,"Activists say they are concerned with the militarization of California’s border, especially because the state already has one of the most heavily-equipped sections of the U.S. southern border.",Unnamed Group of People,Activists,,
33-human-border_patrol_towers,13,"In the San Diego area, border agents have been telling migrants who are waiting to be processed in open-air detention areas that the system will detect anyone who tries to walk away, advocates say. ",Unnamed Group of People,Border agents,,
33-human-border_patrol_towers,14,Privacy and human rights advocates say the towers pick up more than just the movement of migrants; some are pointed directly into residents’ backyards. Advocates said they’re concerned  about the potential monitoring of some 7.3 million people who live on both sides of the 150-mile international border between California and Baja California.,Unnamed Group of People,Privacy and human rights advocates,,
33-human-border_patrol_towers,21,"Other advocates noted that migrants sometimes huddle under the towers for protection from the elements, while nonprofits are the only groups providing food, water and blankets amid dropping temperatures. ",Unnamed Group of People,Advocates,,
34-human-ca_guanranteed_income,7,"Interest nevertheless grew in the last few years as COVID-19 exacerbated income inequality throughout California, researchers said. ",Unnamed Group of People,researchers,,
34-human-ca_guanranteed_income,8,Advocates point to the expansion of the federal child tax credit as proof that direct cash payments to families reduce poverty. ,Unnamed Group of People,Advocates ,,In 2021 child poverty decreased to 9% from 17.6% in 2019. 
34-human-ca_guanranteed_income,9,"Still some opponents said these types of programs discourage participation in the labor market, are too costly and fail to sufficiently reform the welfare system to bring working people out of poverty. ",Unnamed Group of People,Opponents,,some opponents
34-human-ca_guanranteed_income,22,"Researchers and advocates stress how no-strings-attached cash not only improves peoples’ financial situations, but gives them peace of mind and improves mental health. ",Unnamed Group of People,Researchers and advocates,,
34-human-ca_guanranteed_income,23,"Participants report feeling more free to spend money on self care, outings with family members or sharing their wealth with community members.",Unnamed Group of People,participants ,,
35-Trump-Tariffs-Rattling-Meta,1,"The reasons for Meta’s slide are less obvious. But close watchers of the social networking and metaverse company know it is just as vulnerable to Mr. Trump’s trade actions as some of its Silicon Valley peers, even if the details are more complicated. Here’s why.",Unnamed Group of People,,,
36-Whats-Wrong-With-Apple,1,"And company insiders worry that Apple, despite its years of gravity-defying profits, is hamstrung by the political infighting, penny pinching and talent drain that often bedevil large companies, according to more than a dozen former and current employees and advisers.",Unnamed Group of People,,,more than a dozen former and current employees and advisers.
37-DogWalker,6,"Investigators say Haynes took Dalton's dog, Prince, and stabbed him to death before leaving his body in a trash can in south Seattle.",Unnamed Group of People,Investigators,,
38-UC-enrollment,1,"The University of California will enroll fewer new California students if planned state cuts are implemented, college officials told state lawmakers during a hearing today on the system’s finances.  ",Unnamed Group of People,college officials,,college officials told state lawmakers during a hearing today on the system’s finances.  
39-84pct-coral-reefs,4,"But scientists say it’s essential to reduce greenhouse gas emissions that warm the planet, such as carbon dioxide and methane.",Unnamed Group of People,scientists,,
40-SeattleProtest,1,"The group that organized a takeover protest of a building on the University of Washington campus earlier this week is demanding that the school's administration drop all charges and suspensions against people who participated.
",Unnamed Group of People,,,The group that organized a takeover protest of a building on the University of Washington campus earlier this week
40-SeattleProtest,7,"University officials told KOMO News that SUPER UW is under suspension and does not have the benefits of a registered student organization, which includes reserving rooms on campus, but the group is not barred from using public areas of the campus.",Unnamed Group of People,University officials,,
42-Uber-Lyft-CA,6,Union advocates say AB 1340 would allow for higher pay.,Unnamed Group of People,Union advocates,,
42-Uber-Lyft-CA,9,Labor supporters also say that safeguards against arbitrary terminations and safer working conditions would be possible if AB 1340 becomes law.,Unnamed Group of People,Labor supporters,,
6-OUSD-basic-job,2,"In an update at Wednesday’s school board meeting, parents, students and school staff demanded transparency and answers about why they were kept in the dark.",Unnamed Group of People,"Parents, students, school staff",,
6-OUSD-basic-job,8,"Community members, many of whom raised concerns two weeks ago, were skeptical.",Unnamed Group of People,Community members,,
6-OUSD-basic-job,9,"Teachers from Frick United Academy of Language demanded to know why, if testing took place in April, fountains weren’t shut down until August.",Unnamed Group of People,Teachers from Frick United Academy of Language,,"The school hosted students for summer programming when fountains would have still been in use.
"
6-OUSD-basic-job,14,Community members pointed out that other districts have lower thresholds for remediation. ,Unnamed Group of People,Community members,,"In Berkeley Unified, water fixtures testing above 1 part per billion are taken offline and repaired."
7-District7-Candidate-Sues,21,"The message was cheered on by several community members and organizations such as the East Oakland Collective nonprofit.

",Unnamed Group of People,Community members,,
